City_ID,City,Lat,Lng,Max Temp,Humidity,Cloudiness,Wind Speed,Country,Date
0,Sibolga,1.7427,98.7792,75.94,88,97,3.06,ID,2022-03-13 22:33:01
1,Svetlyy,54.675,20.1347,33.96,78,2,7.87,RU,2022-03-13 22:33:01
2,Hithadhoo,-0.6,73.0833,82.98,70,97,6.64,MV,2022-03-13 22:33:02
3,Puerto Ayora,-0.7393,-90.3518,85.96,88,43,3.0,EC,2022-03-13 22:33:02
4,Ushuaia,-54.8,-68.3,40.66,87,75,24.16,AR,2022-03-13 22:33:03
5,Mataura,-46.1927,168.8643,63.48,58,28,3.36,NZ,2022-03-13 22:33:03
6,Shimoda,34.6667,138.95,58.1,90,98,20.27,JP,2022-03-13 22:33:03
7,Hilo,19.7297,-155.09,80.33,66,20,10.36,US,2022-03-13 22:33:04
8,Bethel,41.3712,-73.414,33.03,53,100,11.01,US,2022-03-13 22:33:04
9,Gashua,12.871,11.0482,75.42,15,90,8.97,NG,2022-03-13 22:33:05
10,Palombara Sabina,42.0667,12.768,45.82,75,4,3.91,IT,2022-03-13 22:33:05
11,Punta Arenas,-53.15,-70.9167,44.71,76,40,33.38,CL,2022-03-13 22:33:00
12,Krasnoselkup,65.7,82.4667,-11.61,100,95,7.9,RU,2022-03-13 22:33:05
13,Carnarvon,-24.8667,113.6333,71.67,83,0,13.8,AU,2022-03-13 22:33:06
14,Rikitea,-23.1203,-134.9692,80.29,72,99,14.92,PF,2022-03-13 22:33:06
15,Grindavik,63.8424,-22.4338,36.07,69,40,17.27,IS,2022-03-13 22:33:07
16,Quelimane,-17.8786,36.8883,75.15,94,75,14.97,MZ,2022-03-13 22:33:07
17,Provideniya,64.3833,-173.3,21.36,42,0,18.01,RU,2022-03-13 22:33:07
18,Albany,42.6001,-73.9662,32.65,42,100,1.99,US,2022-03-13 22:31:11
19,Yuzhnyy,53.2542,83.6936,5.38,56,0,11.18,RU,2022-03-13 22:33:08
20,Ariquemes,-9.9133,-63.0408,74.66,96,100,1.23,BR,2022-03-13 22:33:08
21,The Valley,18.217,-63.0578,78.66,78,20,16.11,AI,2022-03-13 22:33:09
22,Hobart,-42.8794,147.3294,64.26,83,100,9.22,AU,2022-03-13 22:31:40
23,Laguna,38.421,-121.4238,68.76,37,0,6.91,US,2022-03-13 22:33:09
24,Petropavlovsk-Kamchatskiy,53.0452,158.6483,23.59,68,40,2.24,RU,2022-03-13 22:33:10
25,Kaitangata,-46.2817,169.8464,63.93,62,10,0.81,NZ,2022-03-13 22:33:10
26,Luderitz,-26.6481,15.1594,65.17,68,0,24.27,NA,2022-03-13 22:33:11
27,San Cristobal,7.7669,-72.225,75.38,96,94,3.71,VE,2022-03-13 22:33:11
28,Busselton,-33.65,115.3333,64.51,87,12,7.07,AU,2022-03-13 22:33:11
29,Severo-Kurilsk,50.6789,156.125,30.79,82,95,4.94,RU,2022-03-13 22:33:12
30,Kapaa,22.0752,-159.319,80.58,67,0,9.22,US,2022-03-13 22:33:12
31,Walvis Bay,-22.9575,14.5053,64.09,82,55,9.22,NA,2022-03-13 22:33:12
32,Lebu,-37.6167,-73.65,59.27,76,2,21.09,CL,2022-03-13 22:33:13
33,Impfondo,1.6381,18.0667,71.26,88,80,0.92,CG,2022-03-13 22:33:13
34,Mingaora,34.7758,72.3625,62.28,39,84,7.25,PK,2022-03-13 22:31:08
35,Puerto Madryn,-42.7692,-65.0385,67.06,38,33,17.07,AR,2022-03-13 22:33:14
36,Upernavik,72.7868,-56.1549,-14.13,100,55,14.61,GL,2022-03-13 22:33:14
37,Port Macquarie,-31.4333,152.9167,71.89,71,6,7.54,AU,2022-03-13 22:33:14
38,Bambous Virieux,-20.3428,57.7575,79.05,83,40,8.05,MU,2022-03-13 22:33:15
39,Kainantu,-6.2887,145.8655,68.25,75,61,2.8,PG,2022-03-13 22:33:15
40,Cavalcante,-13.7975,-47.4583,71.56,80,50,1.72,BR,2022-03-13 22:33:15
41,West Wendover,40.7391,-114.0733,52.81,32,75,17.27,US,2022-03-13 22:33:16
42,Esqueda,30.7167,-109.5833,72.27,8,0,20.15,MX,2022-03-13 22:33:16
43,Madimba,-10.4,40.3333,77.16,83,91,1.66,TZ,2022-03-13 22:33:17
44,Georgetown,5.4112,100.3354,80.53,98,20,3.44,MY,2022-03-13 22:33:01
45,Arraial Do Cabo,-22.9661,-42.0278,76.86,83,20,12.66,BR,2022-03-13 22:33:17
46,Codrington,-38.2667,141.9667,66.38,81,100,11.45,AU,2022-03-13 22:33:17
47,Eyrarbakki,63.863,-21.1481,33.85,77,59,8.84,IS,2022-03-13 22:33:18
48,Hermanus,-34.4187,19.2345,57.79,61,89,10.85,ZA,2022-03-13 22:33:18
49,Ribeira Grande,38.5167,-28.7,56.17,61,96,10.49,PT,2022-03-13 22:33:19
50,Bredasdorp,-34.5322,20.0403,56.52,67,99,6.91,ZA,2022-03-13 22:33:19
51,Bubaque,11.2833,-15.8333,75.6,77,86,17.18,GW,2022-03-13 22:33:20
52,Quthing,-30.4,27.7003,62.28,78,55,1.9,LS,2022-03-13 22:33:20
53,Mahebourg,-20.4081,57.7,79.09,83,40,8.05,MU,2022-03-13 22:33:20
54,Monteagudo,-19.8167,-63.9833,60.58,97,100,3.04,BO,2022-03-13 22:33:21
55,Parry Sound,45.3501,-80.033,24.85,93,100,8.86,CA,2022-03-13 22:33:21
56,Cape Town,-33.9258,18.4232,60.28,62,20,11.5,ZA,2022-03-13 22:31:26
57,Alice Springs,-23.7,133.8833,67.55,45,9,0.0,AU,2022-03-13 22:31:26
58,Jamestown,42.097,-79.2353,26.71,59,100,13.8,US,2022-03-13 22:29:23
59,Mount Gambier,-37.8333,140.7667,60.71,100,100,8.05,AU,2022-03-13 22:33:22
60,Kimbe,-5.5502,150.1429,84.06,75,74,1.25,PG,2022-03-13 22:33:22
61,Gushi,34.6425,109.5843,57.94,33,100,2.19,CN,2022-03-13 22:33:22
62,Half Moon Bay,37.4636,-122.4286,69.42,62,40,13.8,US,2022-03-13 22:33:23
63,Lompoc,34.6391,-120.4579,77.56,79,75,19.57,US,2022-03-13 22:33:23
64,Bathsheba,13.2167,-59.5167,79.41,69,40,16.11,BB,2022-03-13 22:33:23
65,Tilichiki,60.4667,166.1,6.76,75,4,7.81,RU,2022-03-13 22:33:24
66,Belaya Gora,68.5333,146.4167,-4.52,97,100,1.12,RU,2022-03-13 22:33:24
67,Saskylakh,71.9167,114.0833,-13.67,99,99,4.0,RU,2022-03-13 22:33:24
68,Abu Samrah,35.3029,37.1841,34.7,92,56,7.07,SY,2022-03-13 22:33:25
69,Katsuura,35.1333,140.3,62.64,82,100,27.04,JP,2022-03-13 22:33:25
70,Pasuquin,18.3328,120.6177,73.35,94,20,3.44,PH,2022-03-13 22:33:26
71,Svetlogorsk,52.6333,29.7333,28.49,78,14,2.24,BY,2022-03-13 22:33:26
72,Washougal,45.5826,-122.3534,53.49,89,100,13.8,US,2022-03-13 22:33:26
73,Tokur,53.1333,132.9,8.82,95,100,2.33,RU,2022-03-13 22:33:27
74,Sisimiut,66.9395,-53.6735,-5.08,98,100,8.48,GL,2022-03-13 22:33:27
75,Cherskiy,68.75,161.3,-10.89,95,99,2.82,RU,2022-03-13 22:33:13
76,Pangnirtung,66.1451,-65.7125,-25.38,90,21,5.64,CA,2022-03-13 22:33:28
77,Santa Rita,-7.1139,-34.9781,81.27,83,20,6.91,BR,2022-03-13 22:33:28
78,Campanha,-21.8361,-45.4006,66.43,90,100,1.32,BR,2022-03-13 22:33:28
79,Micheweni,-4.9667,39.8333,78.37,80,65,4.68,TZ,2022-03-13 22:33:29
80,Tuktoyaktuk,69.4541,-133.0374,-9.4,77,20,11.5,CA,2022-03-13 22:33:29
81,Mount Isa,-20.7333,139.5,82.17,61,17,0.0,AU,2022-03-13 22:33:30
82,George Town,5.4112,100.3354,80.53,98,20,3.44,MY,2022-03-13 22:33:01
83,Hami,42.8,93.45,52.16,31,94,5.53,CN,2022-03-13 22:33:30
84,Porlamar,10.958,-63.8491,77.16,81,93,14.81,VE,2022-03-13 22:33:30
85,Lata,40.1629,-8.3327,48.07,89,72,4.07,PT,2022-03-13 22:33:31
86,Bluff,-46.6,168.3333,63.81,75,12,5.17,NZ,2022-03-13 22:33:31
87,Turukhansk,65.8167,87.9833,-20.9,100,87,5.44,RU,2022-03-13 22:33:31
88,Thompson,55.7435,-97.8558,14.16,62,100,16.11,CA,2022-03-13 22:33:32
89,Ulaanbaatar,47.9077,106.8832,10.53,85,40,0.0,MN,2022-03-13 22:33:32
90,Kirakira,-10.4544,161.9205,84.02,71,83,5.5,SB,2022-03-13 22:33:32
91,Touros,-5.1989,-35.4608,79.84,77,79,8.03,BR,2022-03-13 22:33:33
92,Soc Trang,9.6033,105.98,78.33,88,65,10.63,VN,2022-03-13 22:33:33
93,Ahipara,-35.1667,173.1667,74.16,54,13,3.09,NZ,2022-03-13 22:33:33
94,Saint-Georges,12.0564,-61.7485,80.28,69,20,11.5,GD,2022-03-13 22:33:34
95,Hambantota,6.1241,81.1185,77.02,79,84,8.88,LK,2022-03-13 22:33:34
96,Capitan Bado,-23.2667,-55.5333,69.04,83,73,3.98,PY,2022-03-13 22:33:35
97,Asfi,32.2994,-9.2372,59.13,89,96,6.71,MA,2022-03-13 22:33:35
98,Atuona,-9.8,-139.0333,78.91,71,89,13.4,PF,2022-03-13 22:33:35
99,Lagoa,39.05,-27.9833,55.18,59,87,12.68,PT,2022-03-13 22:33:36
100,East London,-33.0153,27.9116,69.57,91,99,4.97,ZA,2022-03-13 22:33:36
101,Fortuna,40.5982,-124.1573,58.93,57,20,3.0,US,2022-03-13 22:33:36
102,Yeppoon,-23.1333,150.7333,73.18,76,97,16.55,AU,2022-03-13 22:33:37
103,Clyde River,70.4692,-68.5914,-16.37,69,100,12.66,CA,2022-03-13 22:33:37
104,Matay,28.419,30.7792,47.21,51,1,16.78,EG,2022-03-13 22:33:37
105,Ler,8.3018,30.1418,86.05,26,100,2.26,SS,2022-03-13 22:33:38
106,Comodoro Rivadavia,-45.8667,-67.5,78.66,18,0,12.66,AR,2022-03-13 22:30:01
107,Faya,18.3851,42.4509,60.91,74,2,3.42,SA,2022-03-13 22:33:38
108,Naron,43.5167,-8.1528,48.69,86,99,2.28,ES,2022-03-13 22:33:39
109,Hasaki,35.7333,140.8333,61.2,73,100,21.39,JP,2022-03-13 22:33:39
110,Komsomolskiy,40.4272,71.7189,52.52,87,100,0.0,UZ,2022-03-13 22:33:39
111,Taunggyi,20.7833,97.0333,64.38,54,8,0.89,MM,2022-03-13 22:33:40
112,Tevaitoa,-16.7833,-151.5,81.39,73,80,8.55,PF,2022-03-13 22:33:40
113,Vaini,-21.2,-175.2,86.16,74,40,6.91,TO,2022-03-13 22:33:40
114,Cidreira,-30.1811,-50.2056,68.65,89,100,13.67,BR,2022-03-13 22:33:41
115,Port Alfred,-33.5906,26.891,67.37,89,100,16.26,ZA,2022-03-13 22:33:41
116,Takanabe,32.1333,131.5,64.29,79,32,5.35,JP,2022-03-13 22:33:42
117,Camacha,33.0833,-16.3333,56.62,67,40,26.46,PT,2022-03-13 22:33:42
118,Aykhal,66.0,111.5,-23.91,100,69,3.4,RU,2022-03-13 22:33:42
119,Khatanga,71.9667,102.5,-4.49,98,100,10.58,RU,2022-03-13 22:33:43
120,Talara,-4.5772,-81.2719,83.16,57,0,11.5,PE,2022-03-13 22:33:43
121,Languyan,5.2618,120.0807,79.32,84,42,2.48,PH,2022-03-13 22:33:43
122,Atikokan,48.7555,-91.6216,20.61,86,100,6.08,CA,2022-03-13 22:33:44
123,Byron Bay,-28.65,153.6167,71.49,75,80,9.64,AU,2022-03-13 22:33:44
124,Mackenzie,55.2999,-123.1698,21.42,58,100,3.44,CA,2022-03-13 22:29:08
125,Natal,-5.795,-35.2094,81.25,89,20,5.75,BR,2022-03-13 22:31:03
126,Manokwari,-0.8667,134.0833,81.52,72,67,1.66,ID,2022-03-13 22:33:44
127,Bulawayo,-20.15,28.5833,65.68,72,40,6.04,ZW,2022-03-13 22:33:45
128,Lavrentiya,65.5833,-171.0,11.05,70,1,3.78,RU,2022-03-13 22:33:45
129,Norman Wells,65.282,-126.8329,-5.76,65,0,4.61,CA,2022-03-13 22:33:46
130,Doctor Arroyo,23.6667,-100.1833,70.21,22,2,8.61,MX,2022-03-13 22:33:46
131,Salamiyah,35.0113,37.0532,35.74,94,97,7.58,SY,2022-03-13 22:33:46
132,Ambilobe,-13.2,49.05,73.74,95,100,1.41,MG,2022-03-13 22:33:47
133,Shangzhi,45.2167,127.9667,22.33,95,100,6.69,CN,2022-03-13 22:33:47
134,Yellowknife,62.456,-114.3525,0.41,62,20,12.66,CA,2022-03-13 22:30:25
135,Ojinaga,29.5667,-104.4167,78.57,18,0,0.0,MX,2022-03-13 22:33:48
136,Shostka,51.863,33.4698,27.82,80,97,5.03,UA,2022-03-13 22:33:48
137,Port Augusta,-32.5,137.7667,85.06,31,81,9.06,AU,2022-03-13 22:33:48
138,San Luis,-33.295,-66.3356,69.37,40,0,6.93,AR,2022-03-13 22:32:16
139,Port Lincoln,-34.7333,135.8667,73.51,57,85,8.43,AU,2022-03-13 22:30:25
140,Coari,-4.085,-63.1414,73.06,95,100,3.62,BR,2022-03-13 22:33:49
141,Mbala,-8.8402,31.3659,58.08,95,100,0.81,ZM,2022-03-13 22:33:49
142,Waddan,29.1614,16.139,58.24,34,1,10.74,LY,2022-03-13 22:33:50
143,Ponta Do Sol,32.6667,-17.1,61.72,68,44,24.7,PT,2022-03-13 22:33:50
144,Barrow,71.2906,-156.7887,1.42,71,0,8.05,US,2022-03-13 22:33:51
145,Young,-32.6833,-57.6333,63.39,58,9,1.83,UY,2022-03-13 22:33:51
146,Adrar,20.5022,-10.0711,70.02,13,0,8.55,MR,2022-03-13 22:33:51
147,Palana,59.1167,159.9667,11.41,65,1,1.32,RU,2022-03-13 22:33:52
148,Sistranda,63.7256,8.834,44.56,78,100,13.62,NO,2022-03-13 22:33:52
149,Tromso,69.6496,18.957,30.22,86,0,1.14,NO,2022-03-13 22:33:53
150,Port Elizabeth,-33.918,25.5701,63.1,88,20,20.71,ZA,2022-03-13 22:33:53
151,Yerbogachen,61.2767,108.0108,-25.47,100,100,1.9,RU,2022-03-13 22:33:53
152,Kruisfontein,-34.0033,24.7314,60.89,86,100,18.84,ZA,2022-03-13 22:33:54
153,Pacific Grove,36.6177,-121.9166,67.68,69,0,8.01,US,2022-03-13 22:33:37
154,Nanortalik,60.1432,-45.2371,32.14,67,95,46.77,GL,2022-03-13 22:33:54
155,Altay,47.8667,88.1167,33.49,99,100,6.42,CN,2022-03-13 22:33:55
156,Mariestad,58.7097,13.8237,39.67,62,31,6.2,SE,2022-03-13 22:33:55
157,Gejiu,23.306,103.1635,53.42,87,69,2.26,CN,2022-03-13 22:33:56
158,Castro,-24.7911,-50.0119,63.63,98,100,2.06,BR,2022-03-13 22:33:56
159,Souillac,-20.5167,57.5167,79.18,83,40,8.05,MU,2022-03-13 22:33:57
160,Marawi,7.9986,124.2928,71.49,92,84,2.17,PH,2022-03-13 22:33:57
161,Fortuna Foothills,32.6578,-114.4119,82.69,11,0,11.5,US,2022-03-13 22:33:57
162,Dikson,73.5069,80.5464,-5.17,97,100,17.02,RU,2022-03-13 22:33:58
163,Eyl,7.9803,49.8164,75.69,76,93,15.23,SO,2022-03-13 22:33:58
164,Makokou,0.5738,12.8642,71.2,94,38,1.43,GA,2022-03-13 22:33:58
165,Agropoli,40.3469,14.9966,42.08,70,1,4.61,IT,2022-03-13 22:33:59
166,High Rock,26.6208,-78.2833,68.02,60,99,18.43,BS,2022-03-13 22:33:59
167,Marsh Harbour,26.5412,-77.0636,69.31,59,50,18.79,BS,2022-03-13 22:34:00
168,Omboue,-1.5746,9.2618,78.91,86,100,5.37,GA,2022-03-13 22:34:00
169,Turtas,58.9417,69.1325,-3.53,99,93,4.97,RU,2022-03-13 22:34:00
170,Kudahuvadhoo,2.6708,72.8944,82.74,68,47,6.02,MV,2022-03-13 22:34:01
171,Tecoanapa,16.5167,-98.75,83.52,56,0,10.31,MX,2022-03-13 22:34:01
172,Aden,12.7794,45.0367,77.76,68,4,15.5,YE,2022-03-13 22:32:58
173,Devitsa,51.6352,38.945,18.09,96,97,7.78,RU,2022-03-13 22:34:02
174,Port Keats,-14.25,129.55,80.78,81,79,3.04,AU,2022-03-13 22:34:02
175,Yumen,40.2833,97.2,46.54,32,32,6.22,CN,2022-03-13 22:34:03
176,Alofi,-19.0595,-169.9187,84.09,70,10,3.44,NU,2022-03-13 22:30:33
177,Campoverde,-8.4753,-74.8058,83.89,93,97,3.4,PE,2022-03-13 22:34:03
178,Sur,22.5667,59.5289,78.93,40,25,7.9,OM,2022-03-13 22:34:04
179,Viedma,-40.8135,-62.9967,75.94,31,29,10.02,AR,2022-03-13 22:34:04
180,Iqaluit,63.7506,-68.5145,-20.47,76,75,4.61,CA,2022-03-13 22:34:04
181,Bima,-8.4667,118.7167,78.21,91,100,1.01,ID,2022-03-13 22:34:05
182,Vilhena,-12.7406,-60.1458,73.62,94,75,4.61,BR,2022-03-13 22:34:05
183,Ust-Tsilma,65.441,52.1498,5.11,99,88,4.16,RU,2022-03-13 22:34:06
184,Semporna,4.4818,118.6112,78.26,88,75,3.8,MY,2022-03-13 22:34:06
185,Kavieng,-2.5744,150.7967,84.25,71,49,14.76,PG,2022-03-13 22:34:06
186,Safaga,26.7292,33.9365,58.28,54,0,21.88,EG,2022-03-13 22:34:07
187,Hofn,64.2539,-15.2082,35.89,46,51,9.6,IS,2022-03-13 22:34:07
188,Hyeres,43.1167,6.1167,49.41,87,100,11.5,FR,2022-03-13 22:34:07
189,Bunia,1.5667,30.25,60.96,96,97,3.56,CD,2022-03-13 22:34:08
190,Vila Velha,-20.3297,-40.2925,80.55,87,20,9.22,BR,2022-03-13 22:34:08
191,Avarua,-21.2078,-159.775,84.25,74,76,4.61,CK,2022-03-13 22:34:08
192,Zaozerne,45.1582,33.2787,30.33,55,6,8.43,UA,2022-03-13 22:34:09
193,Coquimbo,-29.9533,-71.3436,64.13,77,20,11.5,CL,2022-03-13 22:32:52
194,Saldanha,-33.0117,17.9442,55.45,61,96,18.66,ZA,2022-03-13 22:34:09
195,Caravelas,-17.7125,-39.2481,78.3,81,100,5.73,BR,2022-03-13 22:34:10
196,Chiredzi,-21.05,31.6667,71.91,67,0,3.0,ZW,2022-03-13 22:34:10
197,Saint George,37.1041,-113.5841,69.64,14,0,11.5,US,2022-03-13 22:32:50
198,San Marcos,33.1434,-117.1661,72.61,60,0,11.5,US,2022-03-13 22:29:30
199,Luchegorsk,46.4764,134.2569,22.46,93,79,2.62,RU,2022-03-13 22:34:11
200,Lesnoy,57.6198,63.0784,2.23,98,97,3.85,RU,2022-03-13 22:34:11
201,Charkhi Dadri,28.6,76.2667,68.67,39,0,2.55,IN,2022-03-13 22:34:11
202,Puerto Del Rosario,28.5004,-13.8627,65.95,77,75,6.91,ES,2022-03-13 22:30:03
203,Kribi,2.95,9.9167,79.54,83,99,7.2,CM,2022-03-13 22:34:12
204,New Norfolk,-42.7826,147.0587,63.9,66,100,2.19,AU,2022-03-13 22:34:12
205,Springdale,36.1867,-94.1288,62.73,24,0,19.57,US,2022-03-13 22:34:13
206,Whitehorse,60.7161,-135.0538,9.1,62,100,10.36,CA,2022-03-13 22:34:13
207,Kantang,7.4054,99.5156,75.88,91,66,4.03,TH,2022-03-13 22:34:13
208,Nago,26.5881,127.9761,59.43,84,14,0.63,JP,2022-03-13 22:34:14
209,Tasiilaq,65.6145,-37.6368,30.36,87,100,29.62,GL,2022-03-13 22:34:14
210,Labuan,5.2767,115.2417,75.56,100,20,0.0,MY,2022-03-13 22:34:14
211,Bonavista,48.6499,-53.1147,23.94,64,46,38.88,CA,2022-03-13 22:34:15
212,Puerto Princesa,9.7392,118.7353,79.88,84,24,1.48,PH,2022-03-13 22:34:15
213,Lianzhou,24.7811,112.3825,70.14,86,63,2.1,CN,2022-03-13 22:34:16
214,Puerto Madero,14.7208,-92.4215,89.8,51,20,11.5,MX,2022-03-13 22:34:16
215,Kargopol,61.5071,38.9456,23.11,90,100,6.89,RU,2022-03-13 22:34:16
216,Caxito,-8.5785,13.6643,75.4,90,100,1.39,AO,2022-03-13 22:34:17
217,Isabela,6.7085,121.9711,77.05,85,72,3.87,PH,2022-03-13 22:34:17
218,Channel-Port Aux Basques,47.5702,-59.1367,22.68,73,100,47.76,CA,2022-03-13 22:34:17
219,Hamilton,39.1834,-84.5333,52.11,43,0,16.11,US,2022-03-13 22:33:49
220,Coihaique,-45.5752,-72.0662,56.01,62,40,3.44,CL,2022-03-13 22:34:18
221,Kapuskasing,49.4169,-82.4331,23.0,68,75,0.0,CA,2022-03-13 22:34:18
222,Geraldton,-28.7667,114.6,63.01,88,9,9.22,AU,2022-03-13 22:31:22
223,Puerto Escondido,15.85,-97.0667,81.43,69,20,8.05,MX,2022-03-13 22:34:18
224,Qasigiannguit,68.8193,-51.1922,3.45,98,100,2.91,GL,2022-03-13 22:34:19
225,Fairbanks,64.8378,-147.7164,15.22,34,0,8.05,US,2022-03-13 22:34:19
226,Yertsevo,60.7966,40.086,20.17,96,97,5.73,RU,2022-03-13 22:34:20
227,Cayenne,4.9333,-52.3333,74.08,1,75,4.61,GF,2022-03-13 22:34:20
228,Berlevag,70.8578,29.0864,39.2,85,94,14.12,NO,2022-03-13 22:34:20
229,Nikolskoye,59.7035,30.7861,31.87,99,96,1.81,RU,2022-03-13 22:34:21
230,Smolenka,52.1352,113.4974,12.27,73,20,4.47,RU,2022-03-13 22:34:21
231,Dubai,25.2582,55.3047,82.33,30,0,3.44,AE,2022-03-13 22:34:17
232,Kungurtug,50.5994,97.5228,13.82,94,98,1.7,RU,2022-03-13 22:34:22
233,Biggar,55.6167,-3.5167,48.9,91,85,5.37,GB,2022-03-13 22:34:22
234,Moerai,-22.4333,-151.3333,80.67,75,100,16.04,PF,2022-03-13 22:34:22
235,Abha,18.2164,42.5053,60.62,82,0,11.5,SA,2022-03-13 22:34:23
236,Cockburn Town,21.4612,-71.1419,80.56,69,40,11.5,TC,2022-03-13 22:31:52
237,Dubbo,-32.25,148.6167,68.13,73,1,11.5,AU,2022-03-13 22:34:23
238,Klyuchi,52.2667,79.1667,0.59,96,81,7.07,RU,2022-03-13 22:34:24
239,Waipawa,-41.4122,175.5153,58.53,67,100,7.43,NZ,2022-03-13 22:34:24
240,Tateyama,34.9833,139.8667,63.1,85,100,28.43,JP,2022-03-13 22:34:25
241,Roald,62.5833,6.1333,52.72,70,75,3.44,NO,2022-03-13 22:34:25
242,Havoysund,70.9963,24.6622,37.26,86,41,13.29,NO,2022-03-13 22:34:25
243,Carmen,18.6333,-91.8333,71.64,78,100,11.5,MX,2022-03-13 22:32:05
244,Rocha,-34.4833,-54.3333,58.3,89,10,4.7,UY,2022-03-13 22:34:26
245,Laurel,39.0993,-76.8483,44.26,41,40,6.91,US,2022-03-13 22:29:42
246,Calama,-22.4667,-68.9333,68.49,32,20,21.85,CL,2022-03-13 22:30:02
247,Jining,35.405,116.5814,57.0,1,94,6.13,CN,2022-03-13 22:34:26
248,Wewak,-3.5534,143.6268,83.08,76,88,6.76,PG,2022-03-13 22:34:27
249,Tiksi,71.6872,128.8694,-22.07,100,99,2.01,RU,2022-03-13 22:34:27
250,Nuuk,64.1835,-51.7216,9.21,78,75,26.46,GL,2022-03-13 22:34:28
251,Puerto Narino,-3.7703,-70.3831,74.14,96,100,2.73,CO,2022-03-13 22:34:28
252,Merauke,-8.4667,140.3333,80.89,85,82,8.72,ID,2022-03-13 22:34:28
253,Airai,-8.9266,125.4092,64.29,86,99,2.13,TL,2022-03-13 22:34:29
254,La Ronge,55.1001,-105.2842,10.65,61,100,16.11,CA,2022-03-13 22:34:29
255,Sao Filipe,14.8961,-24.4956,71.83,69,4,16.42,CV,2022-03-13 22:34:29
256,Qaanaaq,77.484,-69.3632,-9.18,98,100,2.3,GL,2022-03-13 22:34:30
257,San Rafael Del Sur,11.8485,-86.4384,88.77,38,21,17.92,NI,2022-03-13 22:34:30
258,Butaritari,3.0707,172.7902,81.72,74,9,20.54,KI,2022-03-13 22:34:30
259,Port Hardy,50.6996,-127.4199,48.38,76,100,16.11,CA,2022-03-13 22:30:26
260,Kununurra,-15.7667,128.7333,73.38,88,84,3.44,AU,2022-03-13 22:34:31
261,Siderno,38.2779,16.302,49.33,78,5,4.36,IT,2022-03-13 22:34:31
262,Piacabucu,-10.4056,-36.4344,80.58,79,19,10.6,BR,2022-03-13 22:34:32
263,Muzhi,65.3667,64.6667,-3.24,100,98,2.55,RU,2022-03-13 22:34:32
264,Lisakovsk,52.5369,62.4936,-7.37,100,100,6.62,KZ,2022-03-13 22:34:33
265,Wuwei,37.9281,102.6414,44.85,41,42,1.95,CN,2022-03-13 22:34:33
266,Zemio,5.0314,25.1361,72.52,78,89,4.29,CF,2022-03-13 22:34:33
267,Murray,40.6669,-111.888,46.42,62,40,9.22,US,2022-03-13 22:30:03
268,Sobolevo,54.4299,31.8996,23.25,94,83,7.16,RU,2022-03-13 22:34:34
269,Belyy Yar,53.6039,91.3903,4.89,56,0,11.18,RU,2022-03-13 22:34:34
270,Nenjiang,49.1833,125.2167,12.38,95,100,3.04,CN,2022-03-13 22:34:35
271,Qiongshan,20.0058,110.3542,71.58,94,75,4.47,CN,2022-03-13 22:34:35
272,Balaghat,21.8,80.1833,69.73,20,0,4.61,IN,2022-03-13 22:34:35
273,Buala,-8.145,159.5921,84.27,69,96,3.69,SB,2022-03-13 22:34:36
274,Hikone,35.25,136.25,52.88,92,92,5.21,JP,2022-03-13 22:34:36
275,Pokhara,28.2333,83.9833,65.16,25,1,6.62,NP,2022-03-13 22:34:37
276,Dingle,10.9995,122.6711,78.26,88,67,5.12,PH,2022-03-13 22:34:37
277,Saurimo,-9.6608,20.3916,61.14,96,97,2.15,AO,2022-03-13 22:34:37
278,Healdsburg,38.6105,-122.8692,68.11,45,0,9.22,US,2022-03-13 22:33:18
279,Inuvik,68.3499,-133.7218,-1.34,55,20,5.75,CA,2022-03-13 22:34:38
280,Miquelon,47.0975,-56.3814,24.89,73,99,51.43,PM,2022-03-13 22:34:38
281,Namibe,-15.1961,12.1522,72.72,73,100,6.08,AO,2022-03-13 22:34:38
282,Chokurdakh,70.6333,147.9167,-9.06,91,100,4.47,RU,2022-03-13 22:34:39
283,Sinnamary,5.3833,-52.95,76.59,92,100,12.1,GF,2022-03-13 22:34:39
284,Nome,64.5011,-165.4064,21.27,42,0,11.5,US,2022-03-13 22:34:39
285,Grand Gaube,-20.0064,57.6608,79.2,85,65,3.0,MU,2022-03-13 22:34:40
286,Meulaboh,4.1363,96.1285,76.73,88,53,3.69,ID,2022-03-13 22:34:40
287,Liverpool,53.4106,-2.9779,45.82,83,20,5.75,GB,2022-03-13 22:29:48
288,Asyut,27.181,31.1837,53.78,56,0,18.1,EG,2022-03-13 22:34:41
289,Vestmannaeyjar,63.4427,-20.2734,40.51,61,26,14.72,IS,2022-03-13 22:34:41
290,Melong,5.1218,9.9614,70.29,80,100,1.36,CM,2022-03-13 22:34:41
291,San Policarpo,12.1791,125.5072,80.62,85,96,7.31,PH,2022-03-13 22:34:42
292,Jodiya,22.6925,70.306,77.99,51,0,5.93,IN,2022-03-13 22:34:42
293,Boysun,38.2061,67.1986,51.12,70,100,4.16,UZ,2022-03-13 22:34:43
294,Magadan,59.5667,150.8,7.54,69,100,4.21,RU,2022-03-13 22:30:28
295,Khakhea,-24.6895,23.494,74.86,54,83,5.5,BW,2022-03-13 22:34:43
296,Vao,-22.6667,167.4833,79.72,79,23,16.33,NC,2022-03-13 22:34:43
297,Sorong,-0.8833,131.25,80.6,85,86,7.67,ID,2022-03-13 22:34:44
298,Makubetsu,45.3714,141.8211,30.52,88,78,14.58,JP,2022-03-13 22:34:45
299,Narsaq,60.9167,-46.05,26.82,54,100,31.25,GL,2022-03-13 22:34:45
300,Gaomi,36.3833,119.7528,52.66,82,99,11.03,CN,2022-03-13 22:34:45
301,Charters Towers,-20.1,146.2667,78.03,59,81,14.81,AU,2022-03-13 22:34:46
302,Kollam,8.8833,76.6,76.42,68,77,6.6,IN,2022-03-13 22:34:46
303,Phan Thiet,10.9333,108.1,75.54,88,66,6.55,VN,2022-03-13 22:34:46
304,Kodiak,57.79,-152.4072,40.51,81,100,21.85,US,2022-03-13 22:34:47
305,Gravdal,68.1214,13.5031,33.69,80,0,1.14,NO,2022-03-13 22:34:47
306,Salalah,17.0151,54.0924,75.29,57,0,5.75,OM,2022-03-13 22:34:48
307,Gotsu,35.0,132.2167,52.47,92,100,4.7,JP,2022-03-13 22:34:48
308,Bairiki,1.3292,172.9752,84.2,70,20,11.5,KI,2022-03-13 22:34:49
309,Gat,31.61,34.7642,47.8,100,94,4.41,IL,2022-03-13 22:34:49
310,Turrialba,9.9047,-83.6835,78.84,87,43,4.65,CR,2022-03-13 22:34:49
311,Kochi,9.9399,76.2602,75.18,81,94,4.5,IN,2022-03-13 22:34:50
312,Yulara,-25.2406,130.9889,73.24,25,69,6.91,AU,2022-03-13 22:34:50
313,Paracuru,-3.41,-39.0306,81.1,83,100,5.73,BR,2022-03-13 22:34:51
314,Salym,60.0625,71.4789,-12.69,100,99,3.33,RU,2022-03-13 22:32:16
315,Jambi,-1.6,103.6167,73.58,99,100,3.09,ID,2022-03-13 22:34:51
316,Ulladulla,-35.35,150.4667,67.1,72,1,0.69,AU,2022-03-13 22:34:52
317,Tunceli,39.1083,39.5471,22.01,88,98,6.17,TR,2022-03-13 22:31:18
318,Isangel,-19.55,169.2667,84.96,64,27,4.38,VU,2022-03-13 22:34:52
319,Muana,-1.5283,-49.2167,74.84,94,99,5.99,BR,2022-03-13 22:34:53
320,Laramie,41.3114,-105.5911,43.54,57,75,17.27,US,2022-03-13 22:31:06
321,Ixtapa,20.7,-105.2,76.23,53,0,11.5,MX,2022-03-13 22:34:53
322,Nexo,55.0607,15.1306,42.89,73,0,13.33,DK,2022-03-13 22:34:53
323,Kummersbruck,49.4192,11.8883,35.35,67,0,3.27,DE,2022-03-13 22:34:54
324,Sola,-13.8833,167.55,81.91,75,100,9.86,VU,2022-03-13 22:34:54
325,Acari,-15.4311,-74.6158,76.08,71,88,6.76,PE,2022-03-13 22:34:54
326,Pilikwe,-22.799,27.1938,69.82,50,26,7.72,BW,2022-03-13 22:34:55
327,Sitka,57.0531,-135.33,44.49,53,100,13.8,US,2022-03-13 22:34:55
328,Columbus,39.9612,-82.9988,47.43,49,0,20.71,US,2022-03-13 22:32:26
329,Los Llanos De Aridane,28.6585,-17.9182,60.55,82,40,4.61,ES,2022-03-13 22:34:56
330,Sarangani,5.4033,125.4636,82.36,76,83,4.18,PH,2022-03-13 22:34:56
331,Saint-Augustin,51.226,-58.6502,16.66,67,100,24.96,CA,2022-03-13 22:34:56
332,Orapa,-21.2833,25.3667,76.23,39,27,7.09,BW,2022-03-13 22:34:57
333,Pecos,31.4229,-103.4932,75.29,8,0,3.44,US,2022-03-13 22:34:57
334,Mosquera,4.7059,-74.2302,60.89,77,75,3.44,CO,2022-03-13 22:34:58
335,La Palma,33.8464,-118.0467,78.49,61,0,13.8,US,2022-03-13 22:34:58
336,Chililabombwe,-12.3648,27.8229,58.93,97,97,4.32,ZM,2022-03-13 22:34:58
337,Belmonte,-15.8631,-38.8828,79.14,82,80,8.48,BR,2022-03-13 22:34:59
338,Banepa,27.6298,85.5214,55.72,77,20,3.44,NP,2022-03-13 22:34:59
339,Kavaratti,10.5669,72.642,81.82,76,21,6.58,IN,2022-03-13 22:34:59
340,Karratha,-20.7377,116.8463,85.73,68,3,8.55,AU,2022-03-13 22:35:00
341,Esperance,-33.8667,121.9,62.44,87,31,12.48,AU,2022-03-13 22:35:00
342,Muros,42.7762,-9.0603,46.83,92,100,9.26,ES,2022-03-13 22:35:01
343,Tikaitnagar,26.95,81.5833,65.64,40,0,4.29,IN,2022-03-13 22:35:01
344,Hobo,2.5833,-75.45,84.2,83,100,2.57,CO,2022-03-13 22:35:02
345,Longyearbyen,78.2186,15.6401,24.64,93,0,2.3,SJ,2022-03-13 22:35:02
346,Saint-Francois,46.4154,3.9054,40.44,88,0,4.61,FR,2022-03-13 22:35:02
347,Kalaleh,37.3807,55.4916,47.44,81,1,3.98,IR,2022-03-13 22:35:03
348,Erzin,36.9559,36.2,33.08,80,34,2.98,TR,2022-03-13 22:35:03
349,Broome,42.2506,-75.833,28.45,61,100,11.5,US,2022-03-13 22:35:03
350,Nara,34.6851,135.8049,57.49,83,86,3.36,JP,2022-03-13 22:35:04
351,Tongchuan,35.0806,109.0897,52.16,33,92,7.54,CN,2022-03-13 22:35:04
352,Mayo,38.8876,-76.5119,44.19,39,20,10.36,US,2022-03-13 22:35:04
353,Ecoporanga,-18.3733,-40.8306,73.0,82,37,4.52,BR,2022-03-13 22:35:05
354,Maceio,-9.6658,-35.7353,78.24,88,40,5.75,BR,2022-03-13 22:32:45
355,Sao Joao Da Barra,-21.6403,-41.0511,78.15,88,2,12.28,BR,2022-03-13 22:35:05
356,Mehamn,71.0357,27.8492,39.15,75,0,14.97,NO,2022-03-13 22:35:06
357,Zheshart,62.0731,49.5733,21.81,97,100,4.29,RU,2022-03-13 22:35:06
358,Port-Gentil,-0.7193,8.7815,81.95,77,100,10.67,GA,2022-03-13 22:35:06
359,Chuy,-33.6971,-53.4616,61.11,77,2,6.49,UY,2022-03-13 22:35:07
360,Boguchany,58.3814,97.4531,-21.8,100,75,2.98,RU,2022-03-13 22:35:07
361,Saint-Philippe,-21.3585,55.7679,76.59,88,86,12.21,RE,2022-03-13 22:35:08
362,Lazaro Cardenas,17.9583,-102.2,81.14,57,0,9.4,MX,2022-03-13 22:35:08
363,Sambava,-14.2667,50.1667,75.7,77,100,6.85,MG,2022-03-13 22:35:08
364,Bengkulu,-3.8004,102.2655,75.6,93,100,6.82,ID,2022-03-13 22:35:09
365,Hudson Bay,52.85,-102.3842,19.81,79,98,8.57,CA,2022-03-13 22:35:09
366,Novikovo,51.1537,37.8879,6.13,99,85,4.76,RU,2022-03-13 22:35:09
367,Constitucion,-35.3333,-72.4167,61.72,79,8,6.35,CL,2022-03-13 22:35:10
368,Tupelo,34.2576,-88.7034,61.09,25,0,11.5,US,2022-03-13 22:30:59
369,Armacao De Pera,37.1026,-8.357,54.09,78,100,4.36,PT,2022-03-13 22:35:10
370,Kovdor,67.5662,30.4758,31.21,98,100,3.47,RU,2022-03-13 22:35:11
371,Macapa,0.0389,-51.0664,82.38,78,75,8.05,BR,2022-03-13 22:35:11
372,Ilulissat,69.2167,-51.1,3.22,66,100,9.22,GL,2022-03-13 22:35:11
373,Sioux Lookout,50.1001,-91.917,17.67,57,75,10.36,CA,2022-03-13 22:34:07
374,Dunedin,-45.8742,170.5036,63.59,61,4,3.24,NZ,2022-03-13 22:35:12
375,Mar Del Plata,-38.0023,-57.5575,68.09,85,0,8.05,AR,2022-03-13 22:32:12
376,Aizawl,23.7333,92.7167,53.58,50,98,3.2,IN,2022-03-13 22:35:12
377,Owando,-0.4819,15.8999,71.51,78,96,1.9,CG,2022-03-13 22:35:13
378,Orumiyeh,37.5527,45.0761,33.35,75,75,6.91,IR,2022-03-13 22:35:13
379,Paamiut,61.994,-49.6678,18.03,95,100,23.15,GL,2022-03-13 22:35:14
380,Balikpapan,-1.2675,116.8289,74.39,100,20,5.75,ID,2022-03-13 22:35:14
381,Kijang,35.2442,129.2139,51.53,82,100,12.35,KR,2022-03-13 22:35:14
382,Leningradskiy,69.3833,178.4167,-1.73,91,100,8.93,RU,2022-03-13 22:35:15
383,Saint Anthony,45.0205,-93.218,42.73,54,0,13.8,US,2022-03-13 22:35:15
384,Hirado,33.3597,129.5531,61.39,95,100,11.3,JP,2022-03-13 22:35:15
385,Lae,-6.7221,146.9847,81.27,67,35,3.78,PG,2022-03-13 22:35:16
386,Turiacu,-1.6633,-45.3717,75.13,95,90,4.14,BR,2022-03-13 22:35:16
387,Chemal,51.4111,86.005,23.68,96,100,4.23,RU,2022-03-13 22:35:16
388,Palmer,42.1584,-72.3287,33.42,37,20,12.66,US,2022-03-13 22:35:17
389,Thinadhoo,0.5333,72.9333,82.89,68,98,3.76,MV,2022-03-13 22:35:17
390,Gautier,30.3858,-88.6117,57.96,38,0,5.75,US,2022-03-13 22:35:17
391,Zhuanghe,39.7008,122.9911,41.86,96,100,4.09,CN,2022-03-13 22:35:18
392,Kahului,20.8947,-156.47,86.02,45,20,21.85,US,2022-03-13 22:33:01
393,Namie,37.4833,141.0,51.71,76,100,5.7,JP,2022-03-13 22:35:18
394,Faanui,-16.4833,-151.75,81.37,72,90,8.9,PF,2022-03-13 22:35:19
395,Fort Nelson,58.8053,-122.7002,-0.81,65,75,2.3,CA,2022-03-13 22:34:49
396,Henties Bay,-22.116,14.2845,63.88,87,88,9.55,NA,2022-03-13 22:35:19
397,Helong,42.5397,128.9972,33.96,90,92,2.04,CN,2022-03-13 22:35:20
398,Port Moresby,-9.4431,147.1797,81.82,89,20,5.75,PG,2022-03-13 22:35:19
399,Barra Patuca,15.8,-84.2833,79.63,77,23,9.28,HN,2022-03-13 22:35:20
400,Port Hedland,-20.3167,118.5667,80.65,89,0,8.05,AU,2022-03-13 22:35:21
401,Nivala,63.9167,24.9667,27.68,89,90,4.68,FI,2022-03-13 22:35:21
402,Carlagan,14.975,122.0456,78.6,85,99,5.37,PH,2022-03-13 22:35:21
403,Najran,17.4924,44.1277,65.05,18,43,2.26,SA,2022-03-13 22:35:22
404,Tigzirt,36.8886,4.1198,58.3,77,100,7.83,DZ,2022-03-13 22:35:22
405,Padang,-0.9492,100.3543,77.77,87,100,4.0,ID,2022-03-13 22:35:22
406,Les Cayes,18.2,-73.75,77.88,80,64,7.07,HT,2022-03-13 22:35:23
407,North Bend,43.4065,-124.2243,53.51,87,100,12.66,US,2022-03-13 22:35:23
408,Ketchikan,55.3422,-131.6461,45.07,61,75,6.91,US,2022-03-13 22:35:23
409,Daugai,54.3667,24.3333,29.46,83,47,3.98,LT,2022-03-13 22:35:24
410,Tam Ky,15.5667,108.4833,67.8,93,89,4.25,VN,2022-03-13 22:32:54
411,Trelew,-43.249,-65.3051,64.62,42,52,14.81,AR,2022-03-13 22:35:24
412,Inverell,-29.7833,151.1167,71.67,57,30,4.79,AU,2022-03-13 22:35:25
413,Lebanon,36.2081,-86.2911,57.25,30,0,13.8,US,2022-03-13 22:34:33
414,Huarmey,-10.0681,-78.1522,74.75,76,96,7.81,PE,2022-03-13 22:35:25
415,Kiruna,67.8557,20.2251,18.52,86,54,8.05,SE,2022-03-13 22:35:25
416,Zeya,53.75,127.2667,6.33,91,24,2.48,RU,2022-03-13 22:35:26
417,Kichera,55.9375,110.0997,-9.65,87,49,6.49,RU,2022-03-13 22:35:26
418,Yasnyy,51.0333,59.8742,-10.43,100,86,1.23,RU,2022-03-13 22:35:26
419,Chumikan,54.7183,135.315,12.22,93,100,4.68,RU,2022-03-13 22:35:27
420,Matiguas,12.8373,-85.4622,85.8,45,62,14.85,NI,2022-03-13 22:35:27
421,Antofagasta,-23.65,-70.4,67.28,82,31,6.13,CL,2022-03-13 22:31:47
422,Las Juntas,19.4167,-104.7,72.93,40,1,7.47,MX,2022-03-13 22:35:28
423,Kalanaur,28.8333,76.4,67.95,40,0,1.39,IN,2022-03-13 22:35:28
424,Guerrero Negro,27.9769,-114.0611,66.78,52,0,16.75,MX,2022-03-13 22:35:28
425,General Pico,-35.6566,-63.7568,71.22,49,36,5.57,AR,2022-03-13 22:35:29
426,Homer,59.6425,-151.5483,35.47,70,100,21.0,US,2022-03-13 22:35:16
427,Ondjiva,-17.0667,15.7333,66.27,92,100,8.41,AO,2022-03-13 22:35:29
428,Panjakent,39.4952,67.6093,50.67,81,100,1.39,TJ,2022-03-13 22:35:30
429,Ayan,56.45,138.1667,11.77,79,59,3.51,RU,2022-03-13 22:35:30
430,Fukue,32.6881,128.8419,61.05,96,99,3.94,JP,2022-03-13 22:35:30
431,Windhoek,-22.5594,17.0832,65.1,94,100,0.0,NA,2022-03-13 22:35:31
432,Poplar Bluff,36.757,-90.3929,58.78,41,0,11.99,US,2022-03-13 22:35:31
433,Mahibadhoo,3.7833,72.9667,82.45,72,84,4.18,MV,2022-03-13 22:35:31
434,Pringsewu,-5.3582,104.9744,72.97,99,100,0.92,ID,2022-03-13 22:35:32
435,Visby,57.6409,18.296,28.62,54,5,4.61,SE,2022-03-13 22:35:32
436,Roseburg,43.2165,-123.3417,51.91,68,100,5.75,US,2022-03-13 22:35:32
437,Mollendo,-17.0231,-72.0147,71.85,81,87,5.19,PE,2022-03-13 22:35:33
438,Hurghada,27.2574,33.8129,57.24,47,0,16.11,EG,2022-03-13 22:35:33
439,Leh,34.1667,77.5833,9.97,55,2,3.24,IN,2022-03-13 22:35:34
440,Prince Rupert,54.3161,-130.3201,44.69,65,100,20.71,CA,2022-03-13 22:31:47
441,Santa Cruz,-17.8,-63.1667,80.65,54,75,9.22,BO,2022-03-13 22:35:34
442,Labuhan,-6.8844,112.2051,77.97,89,100,5.57,ID,2022-03-13 22:35:34
443,Ust-Ishim,57.6935,71.1665,-4.34,99,87,4.43,RU,2022-03-13 22:35:35
444,Flinders,-34.5833,150.8552,71.06,91,15,4.0,AU,2022-03-13 22:35:35
445,Tautira,-17.7333,-149.15,81.0,75,92,9.46,PF,2022-03-13 22:35:35
446,San Patricio,28.017,-97.5169,68.09,63,65,14.16,US,2022-03-13 22:35:36
447,Newtonmore,57.066,-4.1192,41.92,87,72,14.23,GB,2022-03-13 22:35:36
448,Muroto,33.2833,134.15,61.56,90,23,6.06,JP,2022-03-13 22:35:36
449,Mlonggo,-6.5333,110.7,77.7,86,87,2.53,ID,2022-03-13 22:35:37
450,Bara,10.3744,10.7288,77.68,20,72,8.97,NG,2022-03-13 22:35:37
451,High Level,58.5169,-117.136,1.51,55,40,5.75,CA,2022-03-13 22:35:38
452,Masakin,35.7292,10.5808,59.2,88,20,11.5,TN,2022-03-13 22:35:38
453,Tsybli,49.9948,31.5628,29.64,75,56,1.41,UA,2022-03-13 22:35:38
454,Victoria,22.2855,114.1577,73.18,89,62,6.02,HK,2022-03-13 22:35:39
455,Trofors,65.5333,13.4063,23.43,70,99,4.52,NO,2022-03-13 22:35:39
456,Luanda,-8.8368,13.2343,79.63,76,100,6.71,AO,2022-03-13 22:33:18
457,Strangnas,59.3774,17.0312,32.95,68,52,4.81,SE,2022-03-13 22:35:39
458,Pasighat,28.0667,95.3333,68.77,42,9,3.56,IN,2022-03-13 22:35:40
459,Gushikawa,26.3544,127.8686,67.23,94,0,0.0,JP,2022-03-13 22:35:40
460,Kipini,-2.5257,40.5262,79.09,83,100,9.1,KE,2022-03-13 22:35:41
461,Bergen,60.392,5.328,50.41,25,0,12.66,NO,2022-03-13 22:34:41
462,Sumter,28.7086,-82.0831,64.35,58,0,9.84,US,2022-03-13 22:35:41
463,Tutin,42.9903,20.3314,16.56,92,71,3.94,RS,2022-03-13 22:35:41
464,Rio Grande,-32.035,-52.0986,66.94,69,94,6.26,BR,2022-03-13 22:35:42
465,Havre,49.5833,0.3333,46.17,87,0,11.5,FR,2022-03-13 22:35:42
466,Dzaoudzi,-12.7887,45.2699,78.69,89,0,4.61,YT,2022-03-13 22:35:42
467,Talcahuano,-36.7167,-73.1167,73.08,53,0,9.22,CL,2022-03-13 22:35:43
468,Rincon,32.296,-81.2354,51.76,36,0,10.36,US,2022-03-13 22:35:43
469,Champoton,19.35,-90.7167,76.48,64,75,8.23,MX,2022-03-13 22:32:30
470,Nevers,46.9167,3.3333,37.4,98,95,4.32,FR,2022-03-13 22:34:45
471,Virginia Beach,36.8529,-75.978,46.02,42,0,5.01,US,2022-03-13 22:34:25
472,Saint-Joseph,-21.3667,55.6167,75.58,86,80,11.65,RE,2022-03-13 22:35:44
473,Campos Novos,-27.4017,-51.225,61.52,100,100,1.72,BR,2022-03-13 22:35:44
474,Juegang,32.3174,121.1855,56.91,98,74,0.36,CN,2022-03-13 22:35:44
475,Boffa,10.1667,-14.0333,75.51,88,75,2.84,GN,2022-03-13 22:35:45
476,Acapulco,16.8634,-99.8901,80.42,69,0,11.5,MX,2022-03-13 22:32:41
477,Tibiri,13.5627,7.0485,75.06,13,98,11.01,NE,2022-03-13 22:35:45
478,Kathu,7.9178,98.3332,85.75,70,93,5.5,TH,2022-03-13 22:35:46
479,Halifax,44.6453,-63.5724,28.69,51,31,14.0,CA,2022-03-13 22:31:55
480,Chunoyar,57.4467,97.3217,-16.26,100,35,4.21,RU,2022-03-13 22:35:46
481,Carauari,-4.8828,-66.8958,71.53,99,100,0.47,BR,2022-03-13 22:35:47
482,Muttupet,10.4,79.4833,74.77,83,95,7.52,IN,2022-03-13 22:35:47
483,Pevek,69.7008,170.3133,-12.37,99,92,5.17,RU,2022-03-13 22:35:47
484,Kendari,-3.945,122.4989,76.12,91,59,2.64,ID,2022-03-13 22:35:48
485,Inhambane,-23.865,35.3833,77.22,85,0,8.7,MZ,2022-03-13 22:35:48
486,Cabo San Lucas,22.8909,-109.9124,80.62,51,0,9.22,MX,2022-03-13 22:31:58
487,Keffi,8.8486,7.8736,82.54,41,22,2.3,NG,2022-03-13 22:35:48
488,Camiri,-20.05,-63.5167,69.58,73,100,0.0,BO,2022-03-13 22:35:49
489,Maple Creek,49.9168,-109.4848,41.05,56,100,11.5,CA,2022-03-13 22:35:49
490,Torbay,47.6666,-52.7314,27.57,74,75,41.43,CA,2022-03-13 22:35:32
491,Bandar-E Lengeh,26.5579,54.8807,77.7,51,0,5.3,IR,2022-03-13 22:35:50
492,Gemena,3.25,19.7667,72.19,84,98,1.81,CD,2022-03-13 22:35:50
493,Beringovskiy,63.05,179.3167,5.76,81,11,5.61,RU,2022-03-13 22:35:50
494,Maniitsoq,65.4167,-52.9,1.15,87,100,15.75,GL,2022-03-13 22:35:51
495,Gigmoto,13.7796,124.39,79.05,87,96,4.32,PH,2022-03-13 22:35:51
496,Mitu,1.1983,-70.1733,72.59,99,100,1.5,CO,2022-03-13 22:35:51
497,Igarka,67.4667,86.5833,-23.08,100,94,5.97,RU,2022-03-13 22:35:52
498,Nadym,65.5333,72.5167,-4.41,100,97,6.93,RU,2022-03-13 22:35:52
499,Amberieu-En-Bugey,45.9589,5.3432,44.58,96,100,6.58,FR,2022-03-13 22:35:52
500,Cumberland,35.0502,-78.8664,50.5,27,0,14.97,US,2022-03-13 22:35:53
501,Fez,34.0372,-4.9998,57.45,76,75,0.0,MA,2022-03-13 22:35:53
502,Kulhudhuffushi,6.6221,73.07,81.68,73,97,4.61,MV,2022-03-13 22:35:54
503,Reconquista,-29.15,-59.65,66.9,62,1,4.12,AR,2022-03-13 22:35:54
504,Severomuysk,56.1481,113.4267,-22.23,98,97,3.4,RU,2022-03-13 22:35:54
505,Preobrazheniye,42.9019,133.9064,33.69,83,22,3.53,RU,2022-03-13 22:35:55
506,Alamos,27.0167,-108.9333,81.72,10,100,8.46,MX,2022-03-13 22:35:55
507,Wahiawa,21.5028,-158.0236,80.92,56,40,9.22,US,2022-03-13 22:35:55
508,Emmett,43.8735,-116.4993,54.77,37,100,1.99,US,2022-03-13 22:30:59
509,Mbanza-Ngungu,-5.25,14.8667,67.71,98,100,1.16,CD,2022-03-13 22:35:56
510,Tiarei,-17.5333,-149.3333,86.02,73,91,8.52,PF,2022-03-13 22:35:56
511,Cap-Aux-Meules,47.3821,-61.8597,21.25,58,40,40.29,CA,2022-03-13 22:31:34
512,Port Blair,11.6667,92.75,79.5,73,71,5.37,IN,2022-03-13 22:35:57
513,Huilong,31.8111,121.655,56.93,98,98,4.85,CN,2022-03-13 22:35:57
514,Koslan,63.4564,48.8989,13.21,96,97,6.73,RU,2022-03-13 22:35:58
515,Taihe,30.8712,105.3845,71.08,37,74,13.58,CN,2022-03-13 22:35:58
516,Nemuro,43.3236,145.575,30.61,93,100,10.8,JP,2022-03-13 22:35:58
517,Lorengau,-2.0226,147.2712,84.51,72,25,8.12,PG,2022-03-13 22:35:59
518,Gornyy,55.1153,83.9059,-2.81,92,11,12.08,RU,2022-03-13 22:35:59
519,Joao Pinheiro,-17.7425,-46.1725,70.92,79,91,4.32,BR,2022-03-13 22:35:59
520,Zhaotong,27.3167,103.7167,54.5,89,81,3.87,CN,2022-03-13 22:36:00
521,Surt,31.2089,16.5887,56.82,69,12,14.14,LY,2022-03-13 22:36:00
522,Siuna,13.7332,-84.7773,85.98,46,72,6.98,NI,2022-03-13 22:36:00
523,Aklavik,68.2191,-135.0107,1.53,78,20,11.99,CA,2022-03-13 22:36:01
524,Cameron Park,38.6688,-120.9872,65.01,43,95,5.01,US,2022-03-13 22:36:01
525,Taltal,-25.4,-70.4833,67.33,79,23,5.88,CL,2022-03-13 22:36:02
526,Novovarshavka,54.1721,74.6946,-0.92,95,56,8.84,RU,2022-03-13 22:36:02
527,Ryotsu,38.0833,138.4333,48.47,94,100,9.4,JP,2022-03-13 22:36:02
528,Xichang,27.8964,102.2634,54.21,65,69,0.92,CN,2022-03-13 22:36:03
529,Santiago,-33.4569,-70.6483,87.24,28,0,16.11,CL,2022-03-13 22:33:54
530,Fredericton,45.9454,-66.6656,24.37,53,20,9.22,CA,2022-03-13 22:33:18
531,Paita,-5.0892,-81.1144,78.76,74,37,12.77,PE,2022-03-13 22:36:03
532,Galle,6.0367,80.217,78.82,80,98,0.51,LK,2022-03-13 22:36:04
533,Aguadilla,18.4275,-67.1541,80.58,73,0,19.57,PR,2022-03-13 22:36:04
534,Straumen,63.8709,11.2999,44.6,82,100,2.86,NO,2022-03-13 22:36:04
535,Utica,43.1009,-75.2327,29.34,65,100,4.0,US,2022-03-13 22:36:05
536,Madera,37.1666,-119.8343,70.0,36,87,11.72,US,2022-03-13 22:36:05
537,Soroti,1.7146,33.6111,72.59,55,88,6.06,UG,2022-03-13 22:36:06
538,Gubkinskiy,64.434,76.5026,0.34,91,93,8.16,RU,2022-03-13 22:36:06
539,Morehead,37.2711,-87.1764,56.95,30,0,12.66,US,2022-03-13 22:36:06
540,San Carlos De Bariloche,-41.1456,-71.3082,71.35,23,0,17.27,AR,2022-03-13 22:32:58
541,Bar Harbor,44.3876,-68.2039,30.27,41,0,14.97,US,2022-03-13 22:36:07
542,Olkhovatka,50.2831,39.2872,3.7,99,54,4.59,RU,2022-03-13 22:36:07
543,East Retford,53.3221,-0.9432,48.31,83,0,6.91,GB,2022-03-13 22:36:07
544,Majene,-3.5403,118.9707,77.88,79,71,2.95,ID,2022-03-13 22:36:08
545,Namatanai,-3.6667,152.4333,83.88,64,71,9.19,PG,2022-03-13 22:36:08
546,Vagur,61.4732,-6.8119,45.16,90,96,17.85,FO,2022-03-13 22:36:09
547,Zhezkazgan,47.8043,67.7144,18.7,95,49,6.42,KZ,2022-03-13 22:36:09
548,Srednekolymsk,67.45,153.6833,-9.78,95,100,5.08,RU,2022-03-13 22:36:09
549,Santa Maria Del Oro,25.9333,-105.3667,78.48,5,39,14.83,MX,2022-03-13 22:36:10
550,Hjelset,62.7833,7.4833,47.98,56,0,8.05,NO,2022-03-13 22:36:10
551,Tanete,-3.9443,119.7848,76.35,92,67,1.25,ID,2022-03-13 22:36:11
552,Tabuk,17.4189,121.4443,73.09,90,27,2.59,PH,2022-03-13 22:36:11
553,Villarrica,-25.75,-56.4333,72.45,53,4,5.17,PY,2022-03-13 22:36:11
554,Banda Aceh,5.5577,95.3222,78.26,85,54,5.17,ID,2022-03-13 22:36:12
555,Kafanchan,9.5833,8.3,74.84,19,43,5.03,NG,2022-03-13 22:36:12
556,Dakoro,14.5106,6.765,73.62,12,46,12.24,NE,2022-03-13 22:36:12
557,Ambunti,-4.2365,142.8448,79.84,88,96,0.94,PG,2022-03-13 22:36:13
558,Amarwara,22.3,79.1667,69.8,16,0,3.0,IN,2022-03-13 22:36:13
559,Bradford,53.7939,-1.7521,48.06,69,0,8.05,GB,2022-03-13 22:36:14
560,Mortka,59.3322,66.0214,1.65,97,100,5.17,RU,2022-03-13 22:36:14
561,Nipawin,53.3668,-104.0009,17.64,67,0,9.22,CA,2022-03-13 22:36:14
562,Tarakan,3.3,117.6333,76.5,94,40,2.3,ID,2022-03-13 22:36:15
563,Vizinga,61.0749,50.1031,17.85,98,100,2.86,RU,2022-03-13 22:36:15
564,Haapiti,-17.5667,-149.8667,85.73,73,93,8.37,PF,2022-03-13 22:36:15
565,Santa Isabel Do Rio Negro,-0.4139,-65.0192,73.13,99,100,4.21,BR,2022-03-13 22:36:16
566,Tuatapere,-46.1333,167.6833,63.48,67,47,3.76,NZ,2022-03-13 22:36:16
567,Strezhevoy,60.7333,77.5889,-7.74,100,100,2.53,RU,2022-03-13 22:36:16
568,Talnakh,69.4865,88.3972,-7.8,93,100,7.63,RU,2022-03-13 22:36:17
569,Gazanjyk,39.2446,55.5154,46.85,51,100,8.14,TM,2022-03-13 22:36:17
570,Sirnak,37.5228,42.4594,29.93,95,98,5.88,TR,2022-03-13 22:31:18
571,Pisco,-13.7,-76.2167,75.25,73,20,9.22,PE,2022-03-13 22:36:17
572,Joura,26.3411,77.8115,73.15,28,0,3.29,IN,2022-03-13 22:36:18
573,Saint-Louis,16.3333,-15.0,83.84,8,1,12.39,SN,2022-03-13 22:36:18
574,Richards Bay,-28.783,32.0377,76.14,82,0,13.13,ZA,2022-03-13 22:36:19
575,Kashi,39.4547,75.9797,56.41,26,40,6.71,CN,2022-03-13 22:36:19
576,Rawson,-43.3002,-65.1023,63.59,51,47,13.82,AR,2022-03-13 22:36:19
577,Sabang,5.8933,95.3214,81.68,77,65,4.43,ID,2022-03-13 22:36:20
